{
  "accuracy": 0.7489177489177489,
  "precision": 0.6493506493506493,
  "recall": 0.6172839506172839,
  "f1": 0.6329113924050633,
  "roc_auc": 0.83679012345679,
  "brier": 0.16058750148996484,
  "pr_auc": 0.7197741128114071
}